close,high,low,open,symbol,volume,id,key,subkey,date,updated,changeOverTime,marketChangeOverTime,uOpen,uClose,uHigh,uLow,uVolume,fOpen,fClose,fHigh,fLow,fVolume,label,change,changePercent
129.41,133.6116,126.76,133.52,AAPL,143301887,HISTORICAL_PRICES,AAPL,,2021-01-04,1628263122000,0,0,133.52,129.41,133.6116,126.76,143301887,132.8956,128.8048,132.9868,126.1672,143301887,"Jan 4, 21",0,0
131.01,131.74,128.43,128.89,AAPL,97664898,HISTORICAL_PRICES,AAPL,,2021-01-05,1628262969000,0.012363804960976697,0.012363804960976697,128.89,131.01,131.74,128.43,97664898,128.2872,130.3973,131.1239,127.8294,97664898,"Jan 5, 21",1.5999999999999943,0.0124
126.6,131.0499,126.382,127.72,AAPL,155087970,HISTORICAL_PRICES,AAPL,,2021-01-06,1628263183000,-0.02171393246271542,-0.02171393246271542,127.72,126.6,131.0499,126.382,155087970,127.1227,126.008,130.437,125.791,155087970,"Jan 6, 21",-4.409999999999997,-0.0337
130.92,131.63,127.86,128.36,AAPL,109578157,HISTORICAL_PRICES,AAPL,,2021-01-07,1628262969000,0.011668340931921728,0.011668340931921728,128.36,130.92,131.63,127.86,109578157,127.7597,130.3078,131.0144,127.2621,109578157,"Jan 7, 21",4.319999999999993,0.0341
132.05,132.63,130.23,132.43,AAPL,105158245,HISTORICAL_PRICES,AAPL,,2021-01-08,1628262978000,0.020400278185611735,0.020400278185611735,132.43,132.05,132.63,130.23,105158245,131.8107,131.4325,132.0098,129.621,105158245,"Jan 8, 21",1.1300000000000239,0.0086
128.98,130.17,128.5,129.19,AAPL,100620880,HISTORICAL_PRICES,AAPL,,2021-01-11,1628263183000,-0.003322772583262552,-0.003322772583262552,129.19,128.98,130.17,128.5,100620880,128.5858,128.3768,129.5613,127.8991,100620880,"Jan 11, 21",-3.0700000000000216,-0.0232
128.8,129.69,126.86,128.5,AAPL,91951145,HISTORICAL_PRICES,AAPL,,2021-01-12,1628263021000,-0.004713700641372268,-0.004713700641372268,128.5,128.8,129.69,126.86,91951145,127.8991,128.1977,129.0835,126.2667,91951145,"Jan 12, 21",-0.1799999999999784,-0.0014
130.89,131.45,128.49,128.76,AAPL,88636831,HISTORICAL_PRICES,AAPL,,2021-01-13,1628263018000,0.011436519588903406,0.011436519588903406,128.76,130.89,131.45,128.49,88636831,128.1579,130.2779,130.8353,127.8891,88636831,"Jan 13, 21",2.089999999999975,0.0162
128.91,131,128.76,130.8,AAPL,90221755,HISTORICAL_PRICES,AAPL,,2021-01-14,1628262969000,-0.0038636890503052313,-0.0038636890503052313,130.8,128.91,131,128.76,90221755,130.1883,128.3072,130.3874,128.1579,90221755,"Jan 14, 21",-1.9799999999999898,-0.0151
127.14,130.2242,127,128.78,AAPL,111598531,HISTORICAL_PRICES,AAPL,,2021-01-15,1628263001000,-0.01754114828838572,-0.01754114828838572,128.78,127.14,130.2242,127,111598531,128.1778,126.5454,129.6152,126.4061,111598531,"Jan 15, 21",-1.769999999999996,-0.0137
127.83,128.71,126.938,127.78,AAPL,90757329,HISTORICAL_PRICES,AAPL,,2021-01-19,1628263045000,-0.012209257398964519,-0.012209257398964519,127.78,127.83,128.71,126.938,90757329,127.1824,127.2322,128.1081,126.3444,90757329,"Jan 19, 21",0.6899999999999977,0.0054
132.03,132.49,128.55,128.66,AAPL,104319489,HISTORICAL_PRICES,AAPL,,2021-01-20,1628262978000,0.02024573062359945,0.02024573062359945,128.66,132.03,132.49,128.55,104319489,128.0583,131.4126,131.8704,127.9488,104319489,"Jan 20, 21",4.200000000000003,0.0329
136.87,139.67,133.59,133.8,AAPL,120529544,HISTORICAL_PRICES,AAPL,,2021-01-21,1628263063000,0.05764624063055412,0.05764624063055412,133.8,136.87,139.67,133.59,120529544,133.1743,136.2299,139.0168,132.9653,120529544,"Jan 21, 21",4.840000000000003,0.0367
139.07,139.85,135.02,136.28,AAPL,114459360,HISTORICAL_PRICES,AAPL,,2021-01-22,1628263122000,0.07464647245189705,0.07464647245189705,136.28,139.07,139.85,135.02,114459360,135.6427,138.4196,139.196,134.3886,114459360,"Jan 22, 21",2.1999999999999886,0.0161
142.92,145.09,136.54,143.07,AAPL,157611713,HISTORICAL_PRICES,AAPL,,2021-01-25,1628263018000,0.10439687813924729,0.10439687813924729,143.07,142.92,145.09,136.54,157611713,142.4009,142.2516,144.4115,135.9015,157611713,"Jan 25, 21",3.8499999999999943,0.0277
143.16,144.3,141.37,143.6,AAPL,98390555,HISTORICAL_PRICES,AAPL,,2021-01-26,1628262978000,0.10625144888339387,0.10625144888339387,143.6,143.16,144.3,141.37,98390555,142.9285,142.4905,143.6252,140.7089,98390555,"Jan 26, 21",0.2400000000000091,0.0017
142.06,144.3,140.41,143.43,AAPL,140843759,HISTORICAL_PRICES,AAPL,,2021-01-27,1628262974000,0.0977513329727224,0.0977513329727224,143.43,142.06,144.3,140.41,140843759,142.7593,141.3957,143.6252,139.7534,140843759,"Jan 27, 21",-1.0999999999999943,-0.0077
137.09,141.99,136.7,139.52,AAPL,142621128,HISTORICAL_PRICES,AAPL,,2021-01-28,1628263063000,0.059346263812688406,0.059346263812688406,139.52,137.09,141.99,136.7,142621128,138.8675,136.4489,141.326,136.0607,142621128,"Jan 28, 21",-4.969999999999999,-0.035
131.96,136.74,130.21,135.83,AAPL,177523812,HISTORICAL_PRICES,AAPL,,2021-01-29,1628263122000,0.01970481415655677,0.01970481415655677,135.83,131.96,136.74,130.21,177523812,135.1948,131.3429,136.1005,129.6011,177523812,"Jan 29, 21",-5.1299999999999955,-0.0374
134.14,135.38,130.93,133.75,AAPL,106239823,HISTORICAL_PRICES,AAPL,,2021-02-01,1628263081000,0.03655049841588741,0.03655049841588741,133.75,134.14,135.38,130.93,106239823,133.1245,133.5127,134.7469,130.3177,106239823,"Feb 1, 21",2.1799999999999784,0.0165
134.99,136.31,134.61,135.73,AAPL,83305367,HISTORICAL_PRICES,AAPL,,2021-02-02,1628262978000,0.04311876980140648,0.04311876980140648,135.73,134.99,136.31,134.61,83305367,135.0953,134.3587,135.6725,133.9805,83305367,"Feb 2, 21",0.8500000000000227,0.0063
133.94,135.77,133.61,135.76,AAPL,89880937,HISTORICAL_PRICES,AAPL,,2021-02-03,1628263064000,0.03500502279576541,0.03500502279576541,135.76,133.94,135.77,133.61,89880937,135.1251,133.3136,135.1351,132.9852,89880937,"Feb 3, 21",-1.0500000000000114,-0.0078
137.39,137.4,134.59,136.3,AAPL,84183061,HISTORICAL_PRICES,AAPL,,2021-02-04,1628263089000,0.06166447724287142,0.06166447724287142,136.3,137.39,137.4,134.59,84183061,135.6626,136.7475,136.7574,133.9606,84183061,"Feb 4, 21",3.4499999999999886,0.0258
136.76,137.42,135.86,137.35,AAPL,75693830,HISTORICAL_PRICES,AAPL,,2021-02-05,1628262969000,0.05679622903948686,0.05679622903948686,137.35,136.76,137.42,135.86,75693830,136.912,136.3239,136.9817,135.4267,75693830,"Feb 5, 21",-0.6299999999999955,-0.0046
136.91,136.96,134.92,136.03,AAPL,71297214,HISTORICAL_PRICES,AAPL,,2021-02-08,1628263021000,0.05795533575457847,0.05795533575457847,136.03,136.91,136.96,134.92,71297214,135.5962,136.4734,136.5232,134.4897,71297214,"Feb 8, 21",0.15000000000000568,0.0011
136.01,137.877,135.85,136.62,AAPL,76774213,HISTORICAL_PRICES,AAPL,,2021-02-09,1628263001000,0.051000695464029015,0.051000695464029015,136.62,136.01,137.877,135.85,76774213,136.1843,135.5762,137.4373,135.4168,76774213,"Feb 9, 21",-0.9000000000000057,-0.0066
135.39,136.99,134.4,136.48,AAPL,73046563,HISTORICAL_PRICES,AAPL,,2021-02-10,1628263006000,0.04620972104165049,0.04620972104165049,136.48,135.39,136.99,134.4,73046563,136.0447,134.9582,136.5531,133.9714,73046563,"Feb 10, 21",-0.6200000000000045,-0.0046
135.13,136.39,133.77,135.9,AAPL,64280029,HISTORICAL_PRICES,AAPL,,2021-02-11,1628263081000,0.04420060273549184,0.04420060273549184,135.9,135.13,136.39,133.77,64280029,135.4666,134.6991,135.955,133.3434,64280029,"Feb 11, 21",-0.2599999999999909,-0.0019
135.37,135.53,133.6921,134.35,AAPL,60145130,HISTORICAL_PRICES,AAPL,,2021-02-12,1628263067000,0.046055173479638424,0.046055173479638424,134.35,135.37,135.53,133.6921,60145130,133.9215,134.9383,135.0978,133.2657,60145130,"Feb 12, 21",0.2400000000000091,0.0018
133.19,136.01,132.79,135.49,AAPL,80576316,HISTORICAL_PRICES,AAPL,,2021-02-16,1628263007000,0.02920948922030756,0.02920948922030756,135.49,133.19,136.01,132.79,80576316,135.0579,132.7652,135.5762,132.3665,80576316,"Feb 16, 21",-2.180000000000007,-0.0161
130.84,132.22,129.47,131.25,AAPL,98085249,HISTORICAL_PRICES,AAPL,,2021-02-17,1628263045000,0.011050150683873015,0.011050150683873015,131.25,130.84,132.22,129.47,98085249,130.8314,130.4227,131.7983,129.0571,98085249,"Feb 17, 21",-2.3499999999999943,-0.0176
129.71,129.995,127.41,129.2,AAPL,96856748,HISTORICAL_PRICES,AAPL,,2021-02-18,1628263063000,0.0023182134301832267,0.0023182134301832267,129.2,129.71,129.995,127.41,96856748,128.788,129.2963,129.5804,127.0037,96856748,"Feb 18, 21",-1.1299999999999955,-0.0086
129.87,130.71,128.8,130.24,AAPL,87668834,HISTORICAL_PRICES,AAPL,,2021-02-19,1628263183000,0.0035545939262808745,0.0035545939262808745,130.24,129.87,130.71,128.8,87668834,129.8246,129.4558,130.2931,128.3892,87668834,"Feb 19, 21",0.1599999999999966,0.0012
126,129.72,125.6,128.01,AAPL,103916419,HISTORICAL_PRICES,AAPL,,2021-02-22,1628263021000,-0.026350359323081652,-0.026350359323081652,128.01,126,129.72,125.6,103916419,127.6018,125.5982,129.3063,125.1994,103916419,"Feb 22, 21",-3.8700000000000045,-0.0298
125.86,126.71,118.39,123.76,AAPL,158273022,HISTORICAL_PRICES,AAPL,,2021-02-23,1628262978000,-0.027432192257167122,-0.027432192257167122,123.76,125.86,126.71,118.39,158273022,123.3653,125.4586,126.3059,118.0124,158273022,"Feb 23, 21",-0.14000000000000057,-0.0011
125.35,125.56,122.23,124.94,AAPL,111039904,HISTORICAL_PRICES,AAPL,,2021-02-24,1628262974000,-0.031373155088478495,-0.031373155088478495,124.94,125.35,125.56,122.23,111039904,124.5415,124.9502,125.1596,121.8402,111039904,"Feb 24, 21",-0.5100000000000051,-0.0041
120.99,126.4585,120.54,124.68,AAPL,148199540,HISTORICAL_PRICES,AAPL,,2021-02-25,1628263122000,-0.06506452360714012,-0.06506452360714012,124.68,120.99,126.4585,120.54,148199540,124.2824,120.6041,126.0552,120.1556,148199540,"Feb 25, 21",-4.359999999999999,-0.0348
121.26,124.85,121.2,122.59,AAPL,164560394,HISTORICAL_PRICES,AAPL,,2021-02-26,1628263122000,-0.06297813151997521,-0.06297813151997521,122.59,121.26,124.85,121.2,164560394,122.199,120.8733,124.4518,120.8135,164560394,"Feb 26, 21",0.27000000000001023,0.0022
127.79,127.93,122.79,123.75,AAPL,116307892,HISTORICAL_PRICES,AAPL,,2021-03-01,1628262974000,-0.012518352522988876,-0.012518352522988876,123.75,127.79,127.93,122.79,116307892,123.3553,127.3825,127.522,122.3984,116307892,"Mar 1, 21",6.530000000000001,0.0539
125.12,128.72,125.01,128.41,AAPL,102260945,HISTORICAL_PRICES,AAPL,,2021-03-02,1628263082000,-0.033150452051618824,-0.033150452051618824,128.41,125.12,128.72,125.01,102260945,128.0005,124.721,128.3095,124.6113,102260945,"Mar 2, 21",-2.6700000000000017,-0.0209
122.06,125.71,121.84,124.81,AAPL,112966340,HISTORICAL_PRICES,AAPL,,2021-03-03,1628262978000,-0.05679622903948686,-0.05679622903948686,124.81,122.06,125.71,121.84,112966340,124.412,121.6707,125.3091,121.4514,112966340,"Mar 3, 21",-3.0600000000000023,-0.0245
120.13,123.6,118.62,121.75,AAPL,178154975,HISTORICAL_PRICES,AAPL,,2021-03-04,1628263007000,-0.0717100687736651,-0.0717100687736651,121.75,120.13,123.6,118.62,178154975,121.3617,119.7469,123.2058,118.2417,178154975,"Mar 4, 21",-1.9300000000000068,-0.0158
121.42,121.935,117.57,120.98,AAPL,153766601,HISTORICAL_PRICES,AAPL,,2021-03-05,1628263007000,-0.06174175102387756,-0.06174175102387756,120.98,121.42,121.935,117.57,153766601,120.5942,121.0328,121.5461,117.1951,153766601,"Mar 5, 21",1.2900000000000063,0.0107
116.36,121,116.21,120.93,AAPL,154376610,HISTORICAL_PRICES,AAPL,,2021-03-08,1628262974000,-0.10084228421296652,-0.10084228421296652,120.93,116.36,121,116.21,154376610,120.5443,115.9889,120.6141,115.8394,154376610,"Mar 8, 21",-5.060000000000002,-0.0417
121.085,122.06,118.79,119.03,AAPL,129525780,HISTORICAL_PRICES,AAPL,,2021-03-09,1628263064000,-0.06433042268758213,-0.06433042268758213,119.03,121.085,122.06,118.79,129525780,118.6504,120.6988,121.6707,118.4112,129525780,"Mar 9, 21",4.724999999999994,0.0406
119.98,122.17,119.45,121.69,AAPL,111943326,HISTORICAL_PRICES,AAPL,,2021-03-10,1628263064000,-0.07286917548875661,-0.07286917548875661,121.69,119.98,122.17,119.45,111943326,121.3019,119.5974,121.7804,119.0691,111943326,"Mar 10, 21",-1.1049999999999898,-0.0091
121.96,123.21,121.26,122.54,AAPL,103026514,HISTORICAL_PRICES,AAPL,,2021-03-11,1628263006000,-0.05756896684954797,-0.05756896684954797,122.54,121.96,123.21,121.26,103026514,122.1492,121.5711,122.8171,120.8733,103026514,"Mar 11, 21",1.9799999999999898,0.0165
121.03,121.17,119.16,120.4,AAPL,88105050,HISTORICAL_PRICES,AAPL,,2021-03-12,1628263082000,-0.06475542848311565,-0.06475542848311565,120.4,121.03,121.17,119.16,88105050,120.016,120.644,120.7836,118.78,88105050,"Mar 12, 21",-0.9299999999999926,-0.0076
123.99,124,120.42,121.41,AAPL,92590555,HISTORICAL_PRICES,AAPL,,2021-03-15,1628262974000,-0.04188238930530872,-0.04188238930530872,121.41,123.99,124,120.42,92590555,121.0228,123.5946,123.6045,120.036,92590555,"Mar 15, 21",2.9599999999999937,0.0245
125.57,127.22,124.715,125.7,AAPL,115227936,HISTORICAL_PRICES,AAPL,,2021-03-16,1628263001000,-0.029673131906344203,-0.029673131906344203,125.7,125.57,127.22,124.715,115227936,125.2991,125.1695,126.8143,124.3173,115227936,"Mar 16, 21",1.5799999999999983,0.0127
124.76,125.8599,122.336,124.05,AAPL,111932636,HISTORICAL_PRICES,AAPL,,2021-03-17,1628263001000,-0.035932308167838586,-0.035932308167838586,124.05,124.76,125.8599,122.336,111932636,123.6544,124.3621,125.4585,121.9459,111932636,"Mar 17, 21",-0.8099999999999881,-0.0065
120.53,123.18,120.32,122.88,AAPL,121469755,HISTORICAL_PRICES,AAPL,,2021-03-18,1628263122000,-0.06861911753342087,-0.06861911753342087,122.88,120.53,123.18,120.32,121469755,122.4881,120.1456,122.7872,119.9363,121469755,"Mar 18, 21",-4.230000000000004,-0.0339
119.99,121.43,119.675,119.9,AAPL,185549522,HISTORICAL_PRICES,AAPL,,2021-03-19,1628263063000,-0.07279190170775057,-0.07279190170775057,119.9,119.99,121.43,119.675,185549522,119.5176,119.6073,121.0427,119.2933,185549522,"Mar 19, 21",-0.5400000000000063,-0.0045
123.39,123.87,120.26,120.33,AAPL,111912284,HISTORICAL_PRICES,AAPL,,2021-03-22,1628263082000,-0.04651881616567496,-0.04651881616567496,120.33,123.39,123.87,120.26,111912284,119.9462,122.9965,123.475,119.8765,111912284,"Mar 22, 21",3.4000000000000057,0.0283
122.54,124.24,122.14,123.33,AAPL,95467142,HISTORICAL_PRICES,AAPL,,2021-03-23,1628263067000,-0.053087087551193804,-0.053087087551193804,123.33,122.54,124.24,122.14,95467142,122.9367,122.1492,123.8438,121.7505,95467142,"Mar 23, 21",-0.8499999999999943,-0.0069
120.09,122.9,120.065,122.82,AAPL,88530485,HISTORICAL_PRICES,AAPL,,2021-03-24,1628263089000,-0.07201916389768946,-0.07201916389768946,122.82,120.09,122.9,120.065,88530485,122.4283,119.707,122.5081,119.6821,88530485,"Mar 24, 21",-2.450000000000003,-0.02
120.59,121.66,119,119.54,AAPL,98844681,HISTORICAL_PRICES,AAPL,,2021-03-25,1628263082000,-0.06815547484738423,-0.06815547484738423,119.54,120.59,121.66,119,98844681,119.1588,120.2054,121.272,118.6205,98844681,"Mar 25, 21",0.5,0.0042
121.21,121.48,118.92,120.35,AAPL,94071234,HISTORICAL_PRICES,AAPL,,2021-03-26,1628263007000,-0.06336450042500581,-0.06336450042500581,120.35,121.21,121.48,118.92,94071234,119.9662,120.8234,121.0926,118.5407,94071234,"Mar 26, 21",0.6199999999999903,0.0051
121.39,122.58,120.7299,121.65,AAPL,80819203,HISTORICAL_PRICES,AAPL,,2021-03-29,1628262978000,-0.061973572366895886,-0.061973572366895886,121.65,121.39,122.58,120.7299,80819203,121.262,121.0029,122.1891,120.3449,80819203,"Mar 29, 21",0.18000000000000682,0.0015
119.9,120.4031,118.86,120.11,AAPL,85671919,HISTORICAL_PRICES,AAPL,,2021-03-30,1628262974000,-0.07348736573680544,-0.07348736573680544,120.11,119.9,120.4031,118.86,85671919,119.727,119.5176,120.0191,118.4809,85671919,"Mar 30, 21",-1.4899999999999949,-0.0123
122.15,123.52,121.15,121.65,AAPL,118323826,HISTORICAL_PRICES,AAPL,,2021-03-31,1628263018000,-0.05610076501043189,-0.05610076501043189,121.65,122.15,123.52,121.15,118323826,121.262,121.7604,123.1261,120.7636,118323826,"Mar 31, 21",2.25,0.0188
123,124.18,122.49,123.66,AAPL,75089134,HISTORICAL_PRICES,AAPL,,2021-04-01,1628262969000,-0.04953249362491304,-0.04953249362491304,123.66,123,124.18,122.49,75089134,123.2656,122.6077,123.784,122.0994,75089134,"Apr 1, 21",0.8499999999999943,0.007
125.9,126.1601,123.07,123.87,AAPL,88651175,HISTORICAL_PRICES,AAPL,,2021-04-05,1628263183000,-0.027123097133142655,-0.027123097133142655,123.87,125.9,126.1601,123.07,88651175,123.475,125.4985,125.7578,122.6775,88651175,"Apr 5, 21",2.9000000000000057,0.0236
126.21,127.13,125.65,126.5,AAPL,80171253,HISTORICAL_PRICES,AAPL,,2021-04-06,1628263122000,-0.024727609921953504,-0.024727609921953504,126.5,126.21,127.13,125.65,80171253,126.0966,125.8075,126.7246,125.2493,80171253,"Apr 6, 21",0.30999999999998806,0.0025
127.9,127.92,125.14,125.83,AAPL,83466716,HISTORICAL_PRICES,AAPL,,2021-04-07,1628262974000,-0.011668340931921728,-0.011668340931921728,125.83,127.9,127.92,125.14,83466716,125.4287,127.4921,127.512,124.7409,83466716,"Apr 7, 21",1.690000000000012,0.0134
130.36,130.39,128.52,128.95,AAPL,88844591,HISTORICAL_PRICES,AAPL,,2021-04-08,1628262969000,0.007341009195580072,0.007341009195580072,128.95,130.36,130.39,128.52,88844591,128.5388,129.9443,129.9742,128.1101,88844591,"Apr 8, 21",2.460000000000008,0.0192
132.995,133.04,129.47,129.8,AAPL,106686703,HISTORICAL_PRICES,AAPL,,2021-04-09,1628263045000,0.027702650490688572,0.027702650490688572,129.8,132.995,133.04,129.47,106686703,129.386,132.5709,132.6157,129.0571,106686703,"Apr 9, 21",2.634999999999991,0.0202
131.24,132.85,130.63,132.52,AAPL,91419983,HISTORICAL_PRICES,AAPL,,2021-04-12,1628263021000,0.014141101924117244,0.014141101924117244,132.52,131.24,132.85,130.63,91419983,132.0974,130.8215,132.4263,130.2134,91419983,"Apr 12, 21",-1.7549999999999955,-0.0132
134.43,134.66,131.93,132.44,AAPL,91266545,HISTORICAL_PRICES,AAPL,,2021-04-13,1628263021000,0.038791438065064604,0.038791438065064604,132.44,134.43,134.66,131.93,91266545,132.0176,134.0013,134.2305,131.5093,91266545,"Apr 13, 21",3.1899999999999977,0.0243
132.03,135,131.655,134.94,AAPL,87222782,HISTORICAL_PRICES,AAPL,,2021-04-14,1628263183000,0.02024573062359945,0.02024573062359945,134.94,132.03,135,131.655,87222782,134.5097,131.6089,134.5695,131.2351,87222782,"Apr 14, 21",-2.4000000000000057,-0.0179
134.5,135,133.64,133.82,AAPL,89347102,HISTORICAL_PRICES,AAPL,,2021-04-15,1628263089000,0.03933235453210728,0.03933235453210728,133.82,134.5,135,133.64,89347102,133.3932,134.0711,134.5695,133.2138,89347102,"Apr 15, 21",2.469999999999999,0.0187
134.16,134.67,133.28,134.3,AAPL,84922386,HISTORICAL_PRICES,AAPL,,2021-04-16,1628263018000,0.0367050459778997,0.0367050459778997,134.3,134.16,134.67,133.28,84922386,133.8717,133.7321,134.2405,132.855,84922386,"Apr 16, 21",-0.3400000000000034,-0.0025
134.84,135.47,133.34,133.51,AAPL,94264215,HISTORICAL_PRICES,AAPL,,2021-04-19,1628263082000,0.041959663086314866,0.041959663086314866,133.51,134.84,135.47,133.34,94264215,133.0842,134.41,135.038,132.9148,94264215,"Apr 19, 21",0.6800000000000068,0.0051
133.11,135.53,131.81,135.02,AAPL,94812349,HISTORICAL_PRICES,AAPL,,2021-04-20,1628263067000,0.028591298972258844,0.028591298972258844,135.02,133.11,135.53,131.81,94812349,134.5894,132.6855,135.0978,131.3896,94812349,"Apr 20, 21",-1.7299999999999898,-0.0128
133.5,133.75,131.3001,132.36,AAPL,68847136,HISTORICAL_PRICES,AAPL,,2021-04-21,1628262974000,0.03160497643149682,0.03160497643149682,132.36,133.5,133.75,131.3001,68847136,131.9379,133.0742,133.3235,130.8814,68847136,"Apr 21, 21",0.38999999999998636,0.0029
131.94,134.15,131.41,133.04,AAPL,84566456,HISTORICAL_PRICES,AAPL,,2021-04-22,1628263067000,0.01955026659454448,0.01955026659454448,133.04,131.94,134.15,131.41,84566456,132.6157,131.5192,133.7222,130.9909,84566456,"Apr 22, 21",-1.5600000000000023,-0.0117
134.32,135.12,132.16,132.16,AAPL,78756779,HISTORICAL_PRICES,AAPL,,2021-04-23,1628263089000,0.03794142647399735,0.03794142647399735,132.16,134.32,135.12,132.16,78756779,131.7385,133.8916,134.6891,131.7385,78756779,"Apr 23, 21",2.3799999999999955,0.018
134.72,135.06,133.56,134.83,AAPL,66905069,HISTORICAL_PRICES,AAPL,,2021-04-26,1628262974000,0.04103237771424158,0.04103237771424158,134.83,134.72,135.06,133.56,66905069,134.4,134.2904,134.6293,133.1341,66905069,"Apr 26, 21",0.4000000000000057,0.003
134.39,135.41,134.11,135.01,AAPL,66015804,HISTORICAL_PRICES,AAPL,,2021-04-27,1628263001000,0.038482342941040026,0.038482342941040026,135.01,134.39,135.41,134.11,66015804,134.5794,133.9614,134.9782,133.6823,66015804,"Apr 27, 21",-0.3300000000000125,-0.0024
133.58,135.02,133.08,134.31,AAPL,107760097,HISTORICAL_PRICES,AAPL,,2021-04-28,1628262978000,0.03222316667954576,0.03222316667954576,134.31,133.58,135.02,133.08,107760097,133.8817,133.154,134.5894,132.6556,107760097,"Apr 28, 21",-0.8099999999999739,-0.006
133.48,137.07,132.45,136.47,AAPL,151100953,HISTORICAL_PRICES,AAPL,,2021-04-29,1628263018000,0.03145042886948453,0.03145042886948453,136.47,133.48,137.07,132.45,151100953,136.0348,133.0543,136.6329,132.0276,151100953,"Apr 29, 21",-0.10000000000002274,-0.0007
131.46,133.56,131.065,131.78,AAPL,109839466,HISTORICAL_PRICES,AAPL,,2021-04-30,1628263082000,0.015841125106251536,0.015841125106251536,131.78,131.46,133.56,131.065,109839466,131.3597,131.0408,133.1341,130.647,109839466,"Apr 30, 21",-2.019999999999982,-0.0151
132.54,134.07,131.83,132.04,AAPL,75135100,HISTORICAL_PRICES,AAPL,,2021-05-03,1628263183000,0.024186693454910715,0.024186693454910715,132.04,132.54,134.07,131.83,75135100,131.6189,132.1173,133.6424,131.4096,75135100,"May 3, 21",1.079999999999984,0.0082
127.85,131.4899,126.7,131.19,AAPL,137564718,HISTORICAL_PRICES,AAPL,,2021-05-04,1628263001000,-0.01205470983695234,-0.01205470983695234,131.19,127.85,131.4899,126.7,137564718,130.7716,127.4423,131.0706,126.2959,137564718,"May 4, 21",-4.689999999999998,-0.0354
128.1,130.45,127.97,129.2,AAPL,84000900,HISTORICAL_PRICES,AAPL,,2021-05-05,1628263007000,-0.010122865311799725,-0.010122865311799725,129.2,128.1,130.45,127.97,84000900,128.788,127.6915,130.034,127.5619,84000900,"May 5, 21",0.25,0.002
129.74,129.75,127.13,127.89,AAPL,78128334,HISTORICAL_PRICES,AAPL,,2021-05-06,1628263021000,0.0025500347732015493,0.0025500347732015493,127.89,129.74,129.75,127.13,78128334,127.4821,129.3262,129.3362,126.7246,78128334,"May 6, 21",1.6400000000000148,0.0128
130.21,131.2582,129.475,130.85,AAPL,78973273,HISTORICAL_PRICES,AAPL,,2021-05-07,1628263018000,0.0061819024804884585,0.0061819024804884585,130.85,130.21,131.2582,129.475,78973273,130.6542,130.0152,131.0618,129.2813,78973273,"May 7, 21",0.46999999999999886,0.0036
126.85,129.54,126.81,129.41,AAPL,88071229,HISTORICAL_PRICES,AAPL,,2021-05-10,1628263006000,-0.019782087937562802,-0.019782087937562802,129.41,126.85,129.54,126.81,88071229,129.2164,126.6602,129.3462,126.6203,88071229,"May 10, 21",-3.3600000000000136,-0.0258
125.91,126.27,122.77,123.5,AAPL,126142826,HISTORICAL_PRICES,AAPL,,2021-05-11,1628263183000,-0.027045823352136622,-0.027045823352136622,123.5,125.91,126.27,122.77,126142826,123.3152,125.7216,126.0811,122.5863,126142826,"May 11, 21",-0.9399999999999977,-0.0074
122.77,124.64,122.25,123.4,AAPL,112172282,HISTORICAL_PRICES,AAPL,,2021-05-12,1628263064000,-0.05130979058805348,-0.05130979058805348,123.4,122.77,124.64,122.25,112172282,123.2154,122.5863,124.4535,122.0671,112172282,"May 12, 21",-3.1400000000000006,-0.0249
124.97,126.15,124.26,124.58,AAPL,105861339,HISTORICAL_PRICES,AAPL,,2021-05-13,1628262978000,-0.034309558766710435,-0.034309558766710435,124.58,124.97,126.15,124.26,105861339,124.3936,124.783,125.9613,124.0741,105861339,"May 13, 21",2.200000000000003,0.0179
127.45,127.89,125.85,126.25,AAPL,81917951,HISTORICAL_PRICES,AAPL,,2021-05-14,1628263021000,-0.015145661077196459,-0.015145661077196459,126.25,127.45,127.89,125.85,81917951,126.0611,127.2593,127.6987,125.6617,81917951,"May 14, 21",2.480000000000004,0.0198
126.27,126.93,125.17,126.82,AAPL,74244624,HISTORICAL_PRICES,AAPL,,2021-05-17,1628262978000,-0.02426396723591686,-0.02426396723591686,126.82,126.27,126.93,125.17,74244624,126.6303,126.0811,126.7401,124.9827,74244624,"May 17, 21",-1.1800000000000068,-0.0093
124.85,126.99,124.78,126.56,AAPL,63342929,HISTORICAL_PRICES,AAPL,,2021-05-18,1628263082000,-0.03523684413878373,-0.03523684413878373,126.56,124.85,126.99,124.78,63342929,126.3707,124.6632,126.8,124.5933,63342929,"May 18, 21",-1.4200000000000017,-0.0112
124.69,124.915,122.86,123.16,AAPL,92611989,HISTORICAL_PRICES,AAPL,,2021-05-19,1628263006000,-0.036473224634881375,-0.036473224634881375,123.16,124.69,124.915,122.86,92611989,122.9758,124.5035,124.7281,122.6762,92611989,"May 19, 21",-0.1599999999999966,-0.0013
127.31,127.72,125.1,125.23,AAPL,76857123,HISTORICAL_PRICES,AAPL,,2021-05-20,1628263007000,-0.01622749401128193,-0.01622749401128193,125.23,127.31,127.72,125.1,76857123,125.0427,127.1195,127.5289,124.9129,76857123,"May 20, 21",2.6200000000000045,0.021
125.43,128,125.21,127.82,AAPL,79295436,HISTORICAL_PRICES,AAPL,,2021-05-21,1628262978000,-0.030754964840429565,-0.030754964840429565,127.82,125.43,128,125.21,79295436,127.6288,125.2424,127.8085,125.0227,79295436,"May 21, 21",-1.8799999999999955,-0.0148
127.1,127.94,125.94,126.01,AAPL,63092945,HISTORICAL_PRICES,AAPL,,2021-05-24,1628263006000,-0.017850243412410188,-0.017850243412410188,126.01,127.1,127.94,125.94,63092945,125.8215,126.9099,127.7486,125.7516,63092945,"May 24, 21",1.6699999999999875,0.0133
126.9,128.32,126.32,127.82,AAPL,72009482,HISTORICAL_PRICES,AAPL,,2021-05-25,1628263064000,-0.01939571903253219,-0.01939571903253219,127.82,126.9,128.32,126.32,72009482,127.6288,126.7102,128.128,126.131,72009482,"May 25, 21",-0.19999999999998863,-0.0016
126.85,127.39,126.42,126.955,AAPL,56575920,HISTORICAL_PRICES,AAPL,,2021-05-26,1628262975000,-0.019782087937562802,-0.019782087937562802,126.955,126.85,127.39,126.42,56575920,126.7651,126.6602,127.1994,126.2309,56575920,"May 26, 21",-0.05000000000001137,-0.0004
125.28,127.64,125.08,126.44,AAPL,94625601,HISTORICAL_PRICES,AAPL,,2021-05-27,1628263018000,-0.03191407155552118,-0.03191407155552118,126.44,125.28,127.64,125.08,94625601,126.2508,125.0926,127.4491,124.8929,94625601,"May 27, 21",-1.5699999999999932,-0.0124
124.61,125.8,124.55,125.57,AAPL,71311109,HISTORICAL_PRICES,AAPL,,2021-05-28,1628263122000,-0.0370914148829302,-0.0370914148829302,125.57,124.61,125.8,124.55,71311109,125.3821,124.4236,125.6118,124.3637,71311109,"May 28, 21",-0.6700000000000017,-0.0053
124.28,125.35,123.94,125.08,AAPL,67637118,HISTORICAL_PRICES,AAPL,,2021-06-01,1628263122000,-0.03964144965613164,-0.03964144965613164,125.08,124.28,125.35,123.94,67637118,124.8929,124.0941,125.1625,123.7546,67637118,"Jun 1, 21",-0.3299999999999983,-0.0026
125.06,125.24,124.05,124.28,AAPL,59278862,HISTORICAL_PRICES,AAPL,,2021-06-02,1628263063000,-0.03361409473765547,-0.03361409473765547,124.28,125.06,125.24,124.05,59278862,124.0941,124.8729,125.0526,123.8644,59278862,"Jun 2, 21",0.7800000000000011,0.0063
123.54,124.85,123.13,124.68,AAPL,76229170,HISTORICAL_PRICES,AAPL,,2021-06-03,1628263021000,-0.045359709450583346,-0.045359709450583346,124.68,123.54,124.85,123.13,76229170,124.4935,123.3552,124.6632,122.9458,76229170,"Jun 3, 21",-1.519999999999996,-0.0122
125.89,126.16,123.85,124.07,AAPL,75169343,HISTORICAL_PRICES,AAPL,,2021-06-04,1628263021000,-0.0272003709141488,-0.0272003709141488,124.07,125.89,126.16,123.85,75169343,123.8844,125.7017,125.9713,123.6647,75169343,"Jun 4, 21",2.3499999999999943,0.019
125.9,126.32,124.8321,126.17,AAPL,71057550,HISTORICAL_PRICES,AAPL,,2021-06-07,1628263018000,-0.027123097133142655,-0.027123097133142655,126.17,125.9,126.32,124.8321,71057550,125.9813,125.7117,126.131,124.6454,71057550,"Jun 7, 21",0.010000000000005116,0.0001
126.74,128.46,126.2101,126.6,AAPL,74403774,HISTORICAL_PRICES,AAPL,,2021-06-08,1628263067000,-0.02063209952862995,-0.02063209952862995,126.6,126.74,128.46,126.2101,74403774,126.4106,126.5504,128.2678,126.0213,74403774,"Jun 8, 21",0.8399999999999892,0.0067
127.13,127.75,126.52,127.21,AAPL,56877937,HISTORICAL_PRICES,AAPL,,2021-06-09,1628262969000,-0.017618422069391865,-0.017618422069391865,127.21,127.13,127.75,126.52,56877937,127.0197,126.9398,127.5589,126.3307,56877937,"Jun 9, 21",0.39000000000000057,0.0031
126.11,128.19,125.94,127.02,AAPL,71186421,HISTORICAL_PRICES,AAPL,,2021-06-10,1628263001000,-0.025500347732014508,-0.025500347732014508,127.02,126.11,128.19,125.94,71186421,126.83,125.9213,127.9982,125.7516,71186421,"Jun 10, 21",-1.019999999999996,-0.008
127.35,127.44,126.1,126.53,AAPL,53522373,HISTORICAL_PRICES,AAPL,,2021-06-11,1628263045000,-0.01591839888725757,-0.01591839888725757,126.53,127.35,127.44,126.1,53522373,126.3407,127.1595,127.2494,125.9114,53522373,"Jun 11, 21",1.2399999999999949,0.0098
130.48,130.54,127.07,127.82,AAPL,96906490,HISTORICAL_PRICES,AAPL,,2021-06-14,1628263021000,0.008268294567653142,0.008268294567653142,127.82,130.48,130.54,127.07,96906490,127.6288,130.2848,130.3447,126.8799,96906490,"Jun 14, 21",3.1299999999999955,0.0246
129.64,130.6,129.39,129.94,AAPL,62746332,HISTORICAL_PRICES,AAPL,,2021-06-15,1628263018000,0.0017772969631403275,0.0017772969631403275,129.94,129.64,130.6,129.39,62746332,129.7456,129.4461,130.4046,129.1964,62746332,"Jun 15, 21",-0.8400000000000034,-0.0064
130.15,130.89,128.461,130.37,AAPL,91815026,HISTORICAL_PRICES,AAPL,,2021-06-16,1628263122000,0.005718259794451813,0.005718259794451813,130.37,130.15,130.89,128.461,91815026,130.175,129.9553,130.6942,128.2688,91815026,"Jun 16, 21",0.5100000000000193,0.0039
131.79,132.55,129.65,129.8,AAPL,96721669,HISTORICAL_PRICES,AAPL,,2021-06-17,1628262969000,0.018391159879452865,0.018391159879452865,129.8,131.79,132.55,129.65,96721669,129.6058,131.5928,132.3517,129.456,96721669,"Jun 17, 21",1.6399999999999864,0.0126
130.46,131.51,130.24,130.71,AAPL,108953309,HISTORICAL_PRICES,AAPL,,2021-06-18,1628262969000,0.008113747005641074,0.008113747005641074,130.71,130.46,131.51,130.24,108953309,130.5145,130.2648,131.3133,130.0452,108953309,"Jun 18, 21",-1.329999999999984,-0.0101
132.3,132.41,129.21,130.3,AAPL,79663316,HISTORICAL_PRICES,AAPL,,2021-06-21,1628263045000,0.022332122710764353,0.022332122710764353,130.3,132.3,132.41,129.21,79663316,130.1051,132.1021,132.2119,129.0167,79663316,"Jun 21, 21",1.8400000000000034,0.0141
133.98,134.08,131.62,132.13,AAPL,74783618,HISTORICAL_PRICES,AAPL,,2021-06-22,1628262975000,0.035314117919789764,0.035314117919789764,132.13,133.98,134.08,131.62,74783618,131.9323,133.7796,133.8794,131.4231,74783618,"Jun 22, 21",1.6799999999999784,0.0127
133.7,134.32,133.23,133.77,AAPL,60214200,HISTORICAL_PRICES,AAPL,,2021-06-23,1628263122000,0.033150452051618824,0.033150452051618824,133.77,133.7,134.32,133.23,60214200,133.5699,133.5,134.1191,133.0307,60214200,"Jun 23, 21",-0.28000000000000114,-0.0021
133.41,134.64,132.93,134.45,AAPL,68710998,HISTORICAL_PRICES,AAPL,,2021-06-24,1628263082000,0.03090951240244185,0.03090951240244185,134.45,133.41,134.64,132.93,68710998,134.2489,133.2104,134.4386,132.7311,68710998,"Jun 24, 21",-0.28999999999999204,-0.0022
133.11,133.89,132.81,133.46,AAPL,70783746,HISTORICAL_PRICES,AAPL,,2021-06-25,1628263064000,0.028591298972258844,0.028591298972258844,133.46,133.11,133.89,132.81,70783746,133.2603,132.9109,133.6897,132.6113,70783746,"Jun 25, 21",-0.29999999999998295,-0.0022
134.78,135.245,133.35,133.41,AAPL,62111303,HISTORICAL_PRICES,AAPL,,2021-06-28,1628263067000,0.04149602040027822,0.04149602040027822,133.41,134.78,135.245,133.35,62111303,133.2104,134.5784,135.0427,133.1505,62111303,"Jun 28, 21",1.6699999999999875,0.0125
136.33,136.49,134.35,134.8,AAPL,64556081,HISTORICAL_PRICES,AAPL,,2021-06-29,1628263082000,0.053473456456224526,0.053473456456224526,134.8,136.33,136.49,134.35,64556081,134.5983,136.1261,136.2858,134.149,64556081,"Jun 29, 21",1.5500000000000114,0.0115
136.96,137.41,135.87,136.17,AAPL,63261393,HISTORICAL_PRICES,AAPL,,2021-06-30,1628263007000,0.058341704659609084,0.058341704659609084,136.17,136.96,137.41,135.87,63261393,135.9663,136.7551,137.2044,135.6667,63261393,"Jun 30, 21",0.6299999999999955,0.0046
137.27,137.33,135.76,136.6,AAPL,52485781,HISTORICAL_PRICES,AAPL,,2021-07-01,1628263063000,0.060737191870798346,0.060737191870798346,136.6,137.27,137.33,135.76,52485781,136.3956,137.0646,137.1246,135.5569,52485781,"Jul 1, 21",0.3100000000000023,0.0023
139.96,140,137.745,137.9,AAPL,78945572,HISTORICAL_PRICES,AAPL,,2021-07-02,1628263001000,0.08152383896144047,0.08152383896144047,137.9,139.96,140,137.745,78945572,137.6937,139.7506,139.7906,137.5389,78945572,"Jul 2, 21",2.6899999999999977,0.0196
142.02,143.15,140.07,140.07,AAPL,108181793,HISTORICAL_PRICES,AAPL,,2021-07-06,1628263045000,0.09744223784869804,0.09744223784869804,140.07,142.02,143.15,140.07,108181793,139.8605,141.8075,142.9358,139.8605,108181793,"Jul 6, 21",2.0600000000000023,0.0147
144.57,144.89,142.66,143.535,AAPL,104911589,HISTORICAL_PRICES,AAPL,,2021-07-07,1628263063000,0.11714705200525459,0.11714705200525459,143.535,144.57,144.89,142.66,104911589,143.3203,144.3537,144.6732,142.4466,104911589,"Jul 7, 21",2.549999999999983,0.018
143.24,144.06,140.665,141.58,AAPL,105575458,HISTORICAL_PRICES,AAPL,,2021-07-08,1628263006000,0.1068696391314428,0.1068696391314428,141.58,143.24,144.06,140.665,105575458,141.3682,143.0257,143.8445,140.4546,105575458,"Jul 8, 21",-1.329999999999984,-0.0092
145.11,145.65,142.6522,142.75,AAPL,99890800,HISTORICAL_PRICES,AAPL,,2021-07-09,1628263007000,0.1213198361795844,0.1213198361795844,142.75,145.11,145.65,142.6522,99890800,142.5364,144.8929,145.4321,142.4388,99890800,"Jul 9, 21",1.8700000000000045,0.0131
144.5,146.32,144,146.21,AAPL,76299719,HISTORICAL_PRICES,AAPL,,2021-07-12,1628262978000,0.11660613553821192,0.11660613553821192,146.21,144.5,146.32,144,76299719,145.9913,144.2838,146.1011,143.7846,76299719,"Jul 12, 21",-0.6100000000000136,-0.0042
145.64,147.46,143.63,144.03,AAPL,100827099,HISTORICAL_PRICES,AAPL,,2021-07-13,1628263183000,0.12541534657290773,0.12541534657290773,144.03,145.64,147.46,143.63,100827099,143.8145,145.4221,147.2394,143.4151,100827099,"Jul 13, 21",1.1399999999999864,0.0079
149.15,149.57,147.68,148.1,AAPL,127050785,HISTORICAL_PRICES,AAPL,,2021-07-14,1628263006000,0.1525384437060506,0.1525384437060506,148.1,149.15,149.57,147.68,127050785,147.8784,148.9269,149.3462,147.4591,127050785,"Jul 14, 21",3.5100000000000193,0.0241
148.48,150,147.09,149.24,AAPL,106820297,HISTORICAL_PRICES,AAPL,,2021-07-15,1628263089000,0.14736110037864147,0.14736110037864147,149.24,148.48,150,147.09,106820297,149.0167,148.2579,149.7756,146.87,106820297,"Jul 15, 21",-0.6700000000000159,-0.0045
146.39,149.76,145.88,148.46,AAPL,93251426,HISTORICAL_PRICES,AAPL,,2021-07-16,1628262975000,0.13121088014836557,0.13121088014836557,148.46,146.39,149.76,145.88,93251426,148.2379,146.171,149.536,145.6618,93251426,"Jul 16, 21",-2.0900000000000034,-0.0141
142.45,144.07,141.67,143.75,AAPL,121434571,HISTORICAL_PRICES,AAPL,,2021-07-19,1628263006000,0.10076501043196037,0.10076501043196037,143.75,142.45,144.07,141.67,121434571,143.535,142.2369,143.8545,141.4581,121434571,"Jul 19, 21",-3.9399999999999977,-0.0269
146.15,147.0997,142.96,143.46,AAPL,96350036,HISTORICAL_PRICES,AAPL,,2021-07-20,1628263122000,0.12935630940421922,0.12935630940421922,143.46,146.15,147.0997,142.96,96350036,143.2454,145.9314,146.8796,142.7461,96350036,"Jul 20, 21",3.700000000000017,0.026
145.4,146.13,144.63,145.53,AAPL,74993460,HISTORICAL_PRICES,AAPL,,2021-07-21,1628263021000,0.12356077582876138,0.12356077582876138,145.53,145.4,146.13,144.63,74993460,145.3123,145.1825,145.9114,144.4136,74993460,"Jul 21, 21",-0.75,-0.0051
146.8,148.195,145.81,145.935,AAPL,77338156,HISTORICAL_PRICES,AAPL,,2021-07-22,1628263082000,0.13437910516961607,0.13437910516961607,145.935,146.8,148.195,145.81,77338156,145.7167,146.5804,147.9733,145.5919,77338156,"Jul 22, 21",1.4000000000000057,0.0096
148.56,148.7177,146.92,147.55,AAPL,71447416,HISTORICAL_PRICES,AAPL,,2021-07-23,1628263045000,0.1479792906266904,0.1479792906266904,147.55,148.56,148.7177,146.92,71447416,147.3293,148.3378,148.4952,146.7002,71447416,"Jul 23, 21",1.759999999999991,0.012
148.99,149.83,147.7,148.27,AAPL,72434089,HISTORICAL_PRICES,AAPL,,2021-07-26,1628262969000,0.15130206320995296,0.15130206320995296,148.27,148.99,149.83,147.7,72434089,148.0482,148.7671,149.6059,147.479,72434089,"Jul 26, 21",0.4300000000000068,0.0029
146.77,149.21,145.55,149.12,AAPL,104818578,HISTORICAL_PRICES,AAPL,,2021-07-27,1628263045000,0.13414728382659774,0.13414728382659774,149.12,146.77,149.21,145.55,104818578,148.8969,146.5504,148.9868,145.3323,104818578,"Jul 27, 21",-2.219999999999999,-0.0149
144.98,146.97,142.54,144.81,AAPL,118931191,HISTORICAL_PRICES,AAPL,,2021-07-28,1628263067000,0.12031527702650485,0.12031527702650485,144.81,144.98,146.97,142.54,118931191,144.5934,144.7631,146.7501,142.3268,118931191,"Jul 28, 21",-1.7900000000000205,-0.0122
145.64,146.55,144.58,144.685,AAPL,56699475,HISTORICAL_PRICES,AAPL,,2021-07-29,1628262969000,0.12541534657290773,0.12541534657290773,144.685,145.64,146.55,144.58,56699475,144.4686,145.4221,146.3308,144.3637,56699475,"Jul 29, 21",0.6599999999999966,0.0046
145.86,146.33,144.11,144.38,AAPL,70440626,HISTORICAL_PRICES,AAPL,,2021-07-30,1628263089000,0.12711536975504226,0.12711536975504226,144.38,145.86,146.33,144.11,70440626,144.164,145.6418,146.1111,143.8944,70440626,"Jul 30, 21",0.22000000000002728,0.0015
145.52,146.95,145.25,146.36,AAPL,62879961,HISTORICAL_PRICES,AAPL,,2021-08-02,1628263018000,0.12448806120083467,0.12448806120083467,146.36,145.52,146.95,145.25,62879961,146.141,145.3023,146.7302,145.0327,62879961,"Aug 2, 21",-0.3400000000000034,-0.0023
147.36,148.045,145.18,145.81,AAPL,64786618,HISTORICAL_PRICES,AAPL,,2021-08-03,1628263183000,0.13870643690595794,0.13870643690595794,145.81,147.36,148.045,145.18,64786618,145.5919,147.1396,147.8235,144.9628,64786618,"Aug 3, 21",1.8400000000000034,0.0126
146.95,147.79,146.28,147.27,AAPL,56368271,HISTORICAL_PRICES,AAPL,,2021-08-04,1628263122000,0.13553821188470747,0.13553821188470747,147.27,146.95,147.79,146.28,56368271,147.0497,146.7302,147.5689,146.0612,56368271,"Aug 4, 21",-0.410000000000025,-0.0028
147.06,147.84,146.17,146.98,AAPL,46397674,HISTORICAL_PRICES,AAPL,,2021-08-05,1628263183000,0.13638822347577473,0.13638822347577473,146.98,147.06,147.84,146.17,46397674,146.7601,146.84,147.6188,145.9513,46397674,"Aug 5, 21",0.11000000000001364,0.0007
146.14,147.11,145.63,146.35,AAPL,54126813,HISTORICAL_PRICES,AAPL,,2021-08-06,1628302613000,0.12927903562321297,0.12927903562321297,146.35,146.14,147.11,145.63,54126813,146.35,146.14,147.11,145.63,54126813,"Aug 6, 21",-0.9200000000000159,-0.0063
146.09,146.7,145.52,146.2,AAPL,48908689,HISTORICAL_PRICES,AAPL,,2021-08-09,1628557202000,0.12889266671818259,0.12889266671818259,146.2,146.09,146.7,145.52,48908689,146.2,146.09,146.7,145.52,48908689,"Aug 9, 21",-0.04999999999998295,-0.0003
145.6,147.71,145.3,146.44,AAPL,69023081,HISTORICAL_PRICES,AAPL,,2021-08-10,1628648173000,0.12510625144888338,0.12510625144888338,146.44,145.6,147.71,145.3,69023081,146.44,145.6,147.71,145.3,69023081,"Aug 10, 21",-0.4900000000000091,-0.0034
145.86,146.72,145.53,146.05,AAPL,48493463,HISTORICAL_PRICES,AAPL,,2021-08-11,1628730130000,0.12711536975504226,0.12711536975504226,146.05,145.86,146.72,145.53,48493463,146.05,145.86,146.72,145.53,48493463,"Aug 11, 21",0.2600000000000193,0.0018
148.89,149.05,145.84,146.19,AAPL,73779113,HISTORICAL_PRICES,AAPL,,2021-08-12,1628816415000,0.15052932539989175,0.15052932539989175,146.19,148.89,149.05,145.84,73779113,146.19,148.89,149.05,145.84,73779113,"Aug 12, 21",3.0299999999999727,0.0208
149.1,149.4444,148.27,148.97,AAPL,59375009,HISTORICAL_PRICES,AAPL,,2021-08-13,1629068395000,0.15215207480102,0.15215207480102,148.97,149.1,149.4444,148.27,59375009,148.97,149.1,149.4444,148.27,59375009,"Aug 13, 21",0.21000000000000796,0.0014
151.12,151.19,146.47,148.535,AAPL,103558782,HISTORICAL_PRICES,AAPL,,2021-08-16,1629162102000,0.16776137856425322,0.16776137856425322,148.535,151.12,151.19,146.47,103558782,148.535,151.12,151.19,146.47,103558782,"Aug 16, 21",2.0200000000000102,0.0135
150.19,151.68,149.09,150.23,AAPL,92229735,HISTORICAL_PRICES,AAPL,,2021-08-17,1629250326000,0.16057491693068543,0.16057491693068543,150.23,150.19,151.68,149.09,92229735,150.23,150.19,151.68,149.09,92229735,"Aug 17, 21",-0.9300000000000068,-0.0062
146.36,150.72,146.15,149.8,AAPL,86325990,HISTORICAL_PRICES,AAPL,,2021-08-18,1629334810000,0.1309790588053475,0.1309790588053475,149.8,146.36,150.72,146.15,86325990,149.8,146.36,150.72,146.15,86325990,"Aug 18, 21",-3.829999999999984,-0.0255
146.7,148,144.5,145.03,AAPL,86960310,HISTORICAL_PRICES,AAPL,,2021-08-19,1629421395000,0.13360636735955483,0.13360636735955483,145.03,146.7,148,144.5,86960310,145.03,146.7,148,144.5,86960310,"Aug 19, 21",0.339999999999975,0.0023
148.19,148.5,146.78,147.44,AAPL,60549630,HISTORICAL_PRICES,AAPL,,2021-08-20,1629508565000,0.14512016072946451,0.14512016072946451,147.44,148.19,148.5,146.78,60549630,147.44,148.19,148.5,146.78,60549630,"Aug 20, 21",1.490000000000009,0.0102
149.71,150.19,147.89,148.31,AAPL,60131810,HISTORICAL_PRICES,AAPL,,2021-08-23,1629768728000,0.1568657754423925,0.1568657754423925,148.31,149.71,150.19,147.89,60131810,148.31,149.71,150.19,147.89,60131810,"Aug 23, 21",1.5200000000000102,0.0103
149.62,150.86,149.15,149.45,AAPL,48606428,HISTORICAL_PRICES,AAPL,,2021-08-24,1629853204000,0.1561703114133375,0.1561703114133375,149.45,149.62,150.86,149.15,48606428,149.45,149.62,150.86,149.15,48606428,"Aug 24, 21",-0.09000000000000341,-0.0006
